weather,kind,wide,year,month
영천,4,2,21,12
영천,0,2,21,12
영천,7,2,21,12
영천,6,2,21,12
영천,4,2,21,11
영천,0,2,21,11
영천,7,2,21,11
영천,2,2,21,11
영천,4,2,21,10
영천,0,2,21,10
영천,7,2,21,10
영천,2,2,21,10
영천,6,2,21,10
영천,4,2,21,9
영천,0,2,21,9
영천,7,2,21,9
영천,2,2,21,9
영천,4,2,22,8
영천,0,2,22,8
영천,7,2,22,8
영천,2,2,22,8
영천,4,2,22,7
영천,0,2,22,7
영천,2,2,22,7
영천,4,2,22,6
영천,0,2,22,6
영천,2,2,22,6
영천,6,2,22,6
영천,4,2,22,5
영천,0,2,22,5
영천,8,2,22,5
영천,6,2,22,5
영천,4,2,22,4
영천,0,2,22,4
영천,7,2,22,4
영천,8,2,22,4
영천,4,2,22,3
영천,0,2,22,3
영천,7,2,22,3
영천,2,2,22,3
영천,6,2,22,3
영천,4,2,22,2
영천,0,2,22,2
영천,7,2,22,2
영천,2,2,22,2
영천,6,2,22,2
영천,5,2,22,2
영천,4,2,22,1
영천,0,2,22,1
영천,7,2,22,1
영천,2,2,22,1
영천,6,2,22,1
의성,4,2,21,12
의성,0,2,21,12
의성,7,2,21,12
의성,2,2,21,12
의성,6,2,21,12
의성,4,2,21,11
의성,0,2,21,11
의성,7,2,21,11
의성,2,2,21,11
의성,6,2,21,11
의성,4,2,21,10
의성,0,2,21,10
의성,7,2,21,10
의성,2,2,21,10
의성,6,2,21,10
의성,4,2,21,9
의성,0,2,21,9
의성,7,2,21,9
의성,2,2,21,9
의성,6,2,21,9
의성,4,2,22,8
의성,0,2,22,8
의성,2,2,22,8
의성,6,2,22,8
의성,7,2,22,8
의성,1,2,22,8
의성,4,2,22,7
의성,0,2,22,7
의성,2,2,22,7
의성,6,2,22,7
의성,8,2,22,7
의성,4,2,22,6
의성,0,2,22,6
의성,2,2,22,6
의성,6,2,22,6
의성,5,2,22,6
의성,7,2,22,6
의성,10,2,22,6
의성,4,2,22,5
의성,2,2,22,5
의성,8,2,22,5
의성,6,2,22,5
의성,5,2,22,5
의성,0,2,22,5
의성,4,2,22,4
의성,0,2,22,4
의성,2,2,22,4
의성,8,2,22,4
의성,6,2,22,4
의성,5,2,22,4
의성,4,2,22,3
의성,0,2,22,3
의성,7,2,22,3
의성,2,2,22,3
의성,5,2,22,3
의성,4,2,22,2
의성,0,2,22,2
의성,7,2,22,2
의성,2,2,22,2
의성,6,2,22,2
의성,5,2,22,2
의성,4,2,22,1
의성,0,2,22,1
의성,7,2,22,1
의성,2,2,22,1
의성,6,2,22,1
의성,5,2,22,1
합천,4,2,21,12
합천,7,2,21,12
합천,2,2,21,12
합천,6,2,21,12
합천,4,1,21,12
합천,0,1,21,12
합천,7,1,21,12
합천,2,1,21,12
합천,6,1,21,12
합천,4,2,21,11
합천,0,2,21,11
합천,7,2,21,11
합천,2,2,21,11
합천,4,1,21,11
합천,0,1,21,11
합천,7,1,21,11
합천,2,1,21,11
합천,6,1,21,11
합천,4,2,21,10
합천,0,2,21,10
합천,7,2,21,10
합천,2,2,21,10
합천,6,2,21,10
합천,4,1,21,10
합천,0,1,21,10
합천,7,1,21,10
합천,2,1,21,10
합천,6,1,21,10
합천,4,2,21,9
합천,0,2,21,9
합천,7,2,21,9
합천,2,2,21,9
합천,6,2,21,9
합천,1,2,21,9
합천,4,1,21,9
합천,0,1,21,9
합천,7,1,21,9
합천,2,1,21,9
합천,6,1,21,9
합천,1,1,21,9
합천,4,2,22,8
합천,0,2,22,8
합천,7,2,22,8
합천,2,2,22,8
합천,6,2,22,8
합천,1,2,22,8
합천,4,1,22,8
합천,0,1,22,8
합천,7,1,22,8
합천,2,1,22,8
합천,10,1,22,8
합천,6,1,22,8
합천,1,1,22,8
합천,4,2,22,7
합천,0,2,22,7
합천,7,2,22,7
합천,2,2,22,7
합천,6,2,22,7
합천,1,2,22,7
합천,4,1,22,7
합천,0,1,22,7
합천,2,1,22,7
합천,10,1,22,7
합천,6,1,22,7
합천,5,1,22,7
합천,1,1,22,7
합천,4,2,22,6
합천,0,2,22,6
합천,7,2,22,6
합천,2,2,22,6
합천,6,2,22,6
합천,4,1,22,6
합천,0,1,22,6
합천,2,1,22,6
합천,8,1,22,6
합천,10,1,22,6
합천,6,1,22,6
합천,5,1,22,6
합천,4,2,22,5
합천,0,2,22,5
합천,8,2,22,5
합천,6,2,22,5
합천,4,1,22,5
합천,0,1,22,5
합천,7,1,22,5
합천,2,1,22,5
합천,8,1,22,5
합천,10,1,22,5
합천,6,1,22,5
합천,5,1,22,5
합천,4,2,22,4
합천,0,2,22,4
합천,7,2,22,4
합천,8,2,22,4
합천,4,1,22,4
합천,0,1,22,4
합천,7,1,22,4
합천,2,1,22,4
합천,8,1,22,4
합천,6,1,22,4
합천,4,2,22,3
합천,0,2,22,3
합천,7,2,22,3
합천,2,2,22,3
합천,4,1,22,3
합천,0,1,22,3
합천,7,1,22,3
합천,2,1,22,3
합천,6,1,22,3
합천,5,1,22,3
합천,1,1,22,3
합천,4,2,22,2
합천,0,2,22,2
합천,7,2,22,2
합천,2,2,22,2
합천,4,1,22,2
합천,0,1,22,2
합천,7,1,22,2
합천,2,1,22,2
합천,6,1,22,2
합천,5,1,22,2
합천,1,1,22,2
합천,4,2,22,1
합천,0,2,22,1
합천,7,2,22,1
합천,2,2,22,1
합천,4,1,22,1
합천,0,1,22,1
합천,7,1,22,1
합천,2,1,22,1
합천,6,1,22,1
합천,5,1,22,1
합천,1,1,22,1
구미,4,2,21,12
구미,0,2,21,12
구미,6,2,21,12
구미,1,2,21,12
구미,4,2,21,11
구미,0,2,21,11
구미,7,2,21,11
구미,1,2,21,11
구미,4,2,21,10
구미,0,2,21,10
구미,7,2,21,10
구미,1,2,21,10
구미,4,2,21,9
구미,0,2,21,9
구미,7,2,21,9
구미,6,2,21,9
구미,1,2,21,9
구미,4,2,22,8
구미,0,2,22,8
구미,7,2,22,8
구미,1,2,22,8
구미,4,2,22,7
구미,0,2,22,7
구미,2,2,22,7
구미,6,2,22,7
구미,1,2,22,7
구미,4,2,22,6
구미,0,2,22,6
구미,2,2,22,6
구미,8,2,22,6
구미,6,2,22,6
구미,5,2,22,6
구미,4,2,22,5
구미,0,2,22,5
구미,8,2,22,5
구미,6,2,22,5
구미,5,2,22,5
구미,4,2,22,4
구미,0,2,22,4
구미,2,2,22,4
구미,8,2,22,4
구미,5,2,22,4
구미,4,2,22,3
구미,0,2,22,3
구미,4,2,22,2
구미,0,2,22,2
구미,1,2,22,2
구미,4,2,22,1
구미,0,2,22,1
구미,1,2,22,1
안동,4,2,21,12
안동,0,2,21,12
안동,4,2,21,11
안동,0,2,21,11
안동,4,2,21,10
안동,0,2,21,10
안동,4,2,21,9
안동,0,2,21,9
안동,6,2,21,9
안동,4,2,22,8
안동,0,2,22,8
안동,6,2,22,8
안동,4,2,22,7
안동,0,2,22,7
안동,6,2,22,7
안동,4,2,22,6
안동,0,2,22,6
안동,6,2,22,6
안동,5,2,22,6
안동,4,2,22,5
안동,0,2,22,5
안동,8,2,22,5
안동,5,2,22,5
안동,4,2,22,4
안동,0,2,22,4
안동,8,2,22,4
안동,5,2,22,4
안동,4,2,22,3
안동,0,2,22,3
안동,7,2,22,3
안동,6,2,22,3
안동,5,2,22,3
안동,4,2,22,2
안동,0,2,22,2
안동,2,2,22,2
안동,6,2,22,2
안동,4,2,22,1
안동,0,2,22,1
안동,7,2,22,1
안동,2,2,22,1
안동,6,2,22,1
문경,4,2,21,12
문경,0,2,21,12
문경,7,2,21,12
문경,6,2,21,12
문경,4,2,21,11
문경,0,2,21,11
문경,7,2,21,11
문경,6,2,21,11
문경,4,2,21,10
문경,0,2,21,10
문경,7,2,21,10
문경,2,2,21,10
문경,6,2,21,10
문경,4,2,21,9
문경,0,2,21,9
문경,6,2,21,9
문경,4,2,22,8
문경,0,2,22,8
문경,2,2,22,8
문경,4,2,22,7
문경,0,2,22,7
문경,2,2,22,7
문경,6,2,22,7
문경,5,2,22,7
문경,4,2,22,6
문경,0,2,22,6
문경,2,2,22,6
문경,8,2,22,6
문경,6,2,22,6
문경,5,2,22,6
문경,4,2,22,5
문경,8,2,22,5
문경,5,2,22,5
문경,4,2,22,4
문경,6,2,22,4
문경,5,2,22,4
문경,4,2,22,3
문경,0,2,22,3
문경,6,2,22,3
문경,5,2,22,3
문경,1,2,22,3
문경,4,2,22,2
문경,0,2,22,2
문경,6,2,22,2
문경,5,2,22,2
문경,1,2,22,2
문경,4,2,22,1
문경,6,2,22,1
문경,5,2,22,1
문경,1,2,22,1
영주,4,2,21,12
영주,2,2,21,12
영주,4,2,21,11
영주,0,2,21,11
영주,7,2,21,11
영주,2,2,21,11
영주,4,2,21,10
영주,0,2,21,10
영주,7,2,21,10
영주,2,2,21,10
영주,4,2,21,9
영주,0,2,21,9
영주,7,2,21,9
영주,2,2,21,9
영주,4,2,22,8
영주,7,2,22,8
영주,2,2,22,8
영주,4,2,22,7
영주,0,2,22,7
영주,2,2,22,7
영주,4,2,22,6
영주,0,2,22,6
영주,2,2,22,6
영주,6,2,22,6
영주,5,2,22,6
영주,4,2,22,5
영주,0,2,22,5
영주,5,2,22,5
영주,0,2,22,4
영주,2,2,22,4
영주,5,2,22,4
영주,4,2,22,3
영주,0,2,22,3
영주,2,2,22,3
영주,5,2,22,3
영주,4,2,22,2
영주,0,2,22,2
영주,2,2,22,2
영주,5,2,22,2
영주,1,2,22,2
영주,0,2,22,1
영주,2,2,22,1
영주,5,2,22,1
추풍령,4,2,21,12
추풍령,0,2,21,12
추풍령,7,2,21,12
추풍령,2,2,21,12
추풍령,4,2,21,11
추풍령,0,2,21,11
추풍령,7,2,21,11
추풍령,2,2,21,11
추풍령,6,2,21,11
추풍령,4,2,21,10
추풍령,0,2,21,10
추풍령,7,2,21,10
추풍령,2,2,21,10
추풍령,4,2,21,9
추풍령,0,2,21,9
추풍령,7,2,21,9
추풍령,2,2,21,9
추풍령,6,2,21,9
추풍령,4,2,22,8
추풍령,0,2,22,8
추풍령,7,2,22,8
추풍령,2,2,22,8
추풍령,4,2,22,7
추풍령,0,2,22,7
추풍령,2,2,22,7
추풍령,6,2,22,7
추풍령,4,2,22,6
추풍령,0,2,22,6
추풍령,2,2,22,6
추풍령,10,2,22,6
추풍령,6,2,22,6
추풍령,4,2,22,5
추풍령,2,2,22,5
추풍령,8,2,22,5
추풍령,10,2,22,5
추풍령,4,2,22,4
추풍령,0,2,22,4
추풍령,7,2,22,4
추풍령,8,2,22,4
추풍령,1,2,22,4
추풍령,4,2,22,3
추풍령,0,2,22,3
추풍령,7,2,22,3
추풍령,2,2,22,3
추풍령,4,2,22,2
추풍령,0,2,22,2
추풍령,7,2,22,2
추풍령,4,2,22,1
추풍령,0,2,22,1
추풍령,7,2,22,1
추풍령,1,2,22,1
대구,4,2,21,12
대구,0,2,21,12
대구,7,2,21,12
대구,2,2,21,12
대구,4,4,21,12
대구,0,4,21,12
대구,7,4,21,12
대구,4,2,21,11
대구,0,2,21,11
대구,4,4,21,11
대구,0,4,21,11
대구,6,4,21,11
대구,7,4,21,11
대구,4,2,21,10
대구,0,2,21,10
대구,2,2,21,10
대구,4,4,21,10
대구,0,4,21,10
대구,2,4,21,10
대구,1,4,21,10
대구,7,4,21,10
대구,6,4,21,10
대구,4,2,21,9
대구,0,2,21,9
대구,2,2,21,9
대구,4,4,21,9
대구,0,4,21,9
대구,2,4,21,9
대구,6,4,21,9
대구,1,4,21,9
대구,4,2,22,8
대구,0,2,22,8
대구,2,2,22,8
대구,6,2,22,8
대구,4,4,22,8
대구,0,4,22,8
대구,2,4,22,8
대구,6,4,22,8
대구,4,2,22,7
대구,0,2,22,7
대구,2,2,22,7
대구,6,2,22,7
대구,4,4,22,7
대구,0,4,22,7
대구,2,4,22,7
대구,6,4,22,7
대구,4,2,22,6
대구,0,2,22,6
대구,2,2,22,6
대구,8,2,22,6
대구,6,2,22,6
대구,4,4,22,6
대구,0,4,22,6
대구,7,4,22,6
대구,8,4,22,6
대구,6,4,22,6
대구,4,2,22,5
대구,0,2,22,5
대구,8,2,22,5
대구,4,4,22,5
대구,0,4,22,5
대구,7,4,22,5
대구,8,4,22,5
대구,6,4,22,5
대구,5,4,22,5
대구,4,2,22,4
대구,0,2,22,4
대구,7,2,22,4
대구,2,2,22,4
대구,8,2,22,4
대구,4,4,22,4
대구,0,4,22,4
대구,8,4,22,4
대구,4,2,22,3
대구,0,2,22,3
대구,7,2,22,3
대구,2,2,22,3
대구,1,2,22,3
대구,4,4,22,3
대구,0,4,22,3
대구,2,4,22,3
대구,7,4,22,3
대구,6,4,22,3
대구,4,2,22,2
대구,0,2,22,2
대구,7,2,22,2
대구,5,2,22,2
대구,4,4,22,2
대구,0,4,22,2
대구,2,4,22,2
대구,7,4,22,2
대구,4,2,22,1
대구,0,2,22,1
대구,2,2,22,1
대구,5,2,22,1
대구,4,4,22,1
대구,0,4,22,1
대구,5,4,22,1
대구,2,4,22,1
밀양,4,1,21,12
밀양,2,1,21,12
밀양,0,1,21,12
밀양,7,1,21,12
밀양,6,1,21,12
밀양,4,1,21,11
밀양,0,1,21,11
밀양,6,1,21,11
밀양,7,1,21,11
밀양,2,1,21,11
밀양,4,1,21,10
밀양,0,1,21,10
밀양,2,1,21,10
밀양,7,1,21,10
밀양,6,1,21,10
밀양,4,1,21,9
밀양,0,1,21,9
밀양,2,1,21,9
밀양,6,1,21,9
밀양,1,1,21,9
밀양,4,1,22,8
밀양,0,1,22,8
밀양,2,1,22,8
밀양,6,1,22,8
밀양,1,1,22,8
밀양,7,1,22,8
밀양,10,1,22,8
밀양,4,1,22,7
밀양,0,1,22,7
밀양,2,1,22,7
밀양,6,1,22,7
밀양,1,1,22,7
밀양,7,1,22,7
밀양,4,1,22,6
밀양,0,1,22,6
밀양,7,1,22,6
밀양,2,1,22,6
밀양,8,1,22,6
밀양,6,1,22,6
밀양,5,1,22,6
밀양,4,1,22,5
밀양,0,1,22,5
밀양,7,1,22,5
밀양,2,1,22,5
밀양,8,1,22,5
밀양,6,1,22,5
밀양,4,1,22,4
밀양,0,1,22,4
밀양,7,1,22,4
밀양,8,1,22,4
밀양,2,1,22,4
밀양,6,1,22,4
밀양,4,1,22,3
밀양,0,1,22,3
밀양,7,1,22,3
밀양,2,1,22,3
밀양,6,1,22,3
밀양,4,1,22,2
밀양,0,1,22,2
밀양,7,1,22,2
밀양,2,1,22,2
밀양,6,1,22,2
밀양,1,1,22,2
밀양,0,1,22,1
밀양,4,1,22,1
밀양,2,1,22,1
밀양,6,1,22,1
밀양,1,1,22,1
산청,4,1,21,12
산청,0,1,21,12
산청,7,1,21,12
산청,2,1,21,12
산청,10,1,21,12
산청,6,1,21,12
산청,4,1,21,11
산청,0,1,21,11
산청,7,1,21,11
산청,2,1,21,11
산청,10,1,21,11
산청,4,1,21,10
산청,0,1,21,10
산청,7,1,21,10
산청,2,1,21,10
산청,6,1,21,10
산청,4,1,21,9
산청,0,1,21,9
산청,7,1,21,9
산청,2,1,21,9
산청,10,1,21,9
산청,6,1,21,9
산청,1,1,21,9
산청,4,1,22,8
산청,0,1,22,8
산청,7,1,22,8
산청,2,1,22,8
산청,6,1,22,8
산청,4,1,22,7
산청,0,1,22,7
산청,7,1,22,7
산청,2,1,22,7
산청,10,1,22,7
산청,6,1,22,7
산청,4,1,22,6
산청,0,1,22,6
산청,7,1,22,6
산청,2,1,22,6
산청,8,1,22,6
산청,10,1,22,6
산청,6,1,22,6
산청,4,1,22,5
산청,0,1,22,5
산청,7,1,22,5
산청,2,1,22,5
산청,8,1,22,5
산청,6,1,22,5
산청,4,1,22,4
산청,0,1,22,4
산청,7,1,22,4
산청,2,1,22,4
산청,6,1,22,4
산청,4,1,22,3
산청,0,1,22,3
산청,7,1,22,3
산청,2,1,22,3
산청,6,1,22,3
산청,5,1,22,3
산청,4,1,22,2
산청,0,1,22,2
산청,7,1,22,2
산청,2,1,22,2
산청,6,1,22,2
산청,1,1,22,2
산청,4,1,22,1
산청,0,1,22,1
산청,7,1,22,1
산청,2,1,22,1
산청,6,1,22,1
의령군,4,1,21,12
의령군,0,1,21,12
의령군,2,1,21,12
의령군,6,1,21,12
의령군,4,1,21,11
의령군,0,1,21,11
의령군,2,1,21,11
의령군,6,1,21,11
의령군,4,1,21,10
의령군,0,1,21,10
의령군,4,1,21,9
의령군,0,1,21,9
의령군,2,1,21,9
의령군,4,1,22,8
의령군,0,1,22,8
의령군,2,1,22,8
의령군,6,1,22,8
의령군,4,1,22,7
의령군,0,1,22,7
의령군,2,1,22,7
의령군,6,1,22,7
의령군,4,1,22,6
의령군,0,1,22,6
의령군,7,1,22,6
의령군,2,1,22,6
의령군,8,1,22,6
의령군,10,1,22,6
의령군,6,1,22,6
의령군,4,1,22,5
의령군,0,1,22,5
의령군,7,1,22,5
의령군,8,1,22,5
의령군,6,1,22,5
의령군,4,1,22,4
의령군,0,1,22,4
의령군,7,1,22,4
의령군,8,1,22,4
의령군,6,1,22,4
의령군,4,1,22,3
의령군,0,1,22,3
의령군,4,1,22,2
의령군,0,1,22,2
의령군,4,1,22,1
의령군,0,1,22,1
의령군,2,1,22,1
북창원,4,1,21,12
북창원,0,1,21,12
북창원,4,1,21,11
북창원,0,1,21,11
북창원,2,1,21,11
북창원,6,1,21,11
북창원,4,1,21,10
북창원,0,1,21,10
북창원,6,1,21,10
북창원,4,1,21,9
북창원,0,1,21,9
북창원,2,1,21,9
북창원,6,1,21,9
북창원,1,1,21,9
북창원,4,1,22,8
북창원,0,1,22,8
북창원,6,1,22,8
북창원,1,1,22,8
북창원,4,1,22,7
북창원,0,1,22,7
북창원,6,1,22,7
북창원,1,1,22,7
북창원,4,1,22,6
북창원,0,1,22,6
북창원,7,1,22,6
북창원,10,1,22,6
북창원,6,1,22,6
북창원,4,1,22,5
북창원,0,1,22,5
북창원,7,1,22,5
북창원,2,1,22,5
북창원,8,1,22,5
북창원,1,1,22,5
북창원,4,1,22,4
북창원,0,1,22,4
북창원,7,1,22,4
북창원,8,1,22,4
북창원,1,1,22,4
북창원,4,1,22,3
북창원,0,1,22,3
북창원,7,1,22,3
북창원,2,1,22,3
북창원,1,1,22,3
북창원,4,1,22,2
북창원,0,1,22,2
북창원,7,1,22,2
북창원,4,1,22,1
북창원,0,1,22,1
북창원,7,1,22,1
북창원,2,1,22,1
북창원,1,1,22,1
거창,4,1,21,12
거창,0,1,21,12
거창,4,1,21,11
거창,4,1,21,10
거창,2,1,21,10
거창,4,1,21,9
거창,2,1,21,9
거창,4,1,22,8
거창,0,1,22,8
거창,6,1,22,8
거창,4,1,22,7
거창,0,1,22,7
거창,2,1,22,7
거창,6,1,22,7
거창,4,1,22,6
거창,0,1,22,6
거창,2,1,22,6
거창,8,1,22,6
거창,10,1,22,6
거창,0,1,22,5
거창,8,1,22,5
거창,0,1,22,4
거창,4,1,22,3
거창,0,1,22,3
거창,4,1,22,2
거창,0,1,22,2
거창,2,1,22,2
거창,4,1,22,1
거창,0,1,22,1
거창,2,1,22,1
목포,4,6,21,12
목포,0,6,21,12
목포,7,6,21,12
목포,2,6,21,12
목포,6,6,21,12
목포,1,6,21,12
목포,4,6,21,11
목포,0,6,21,11
목포,7,6,21,11
목포,2,6,21,11
목포,6,6,21,11
목포,1,6,21,11
목포,4,6,21,10
목포,0,6,21,10
목포,7,6,21,10
목포,2,6,21,10
목포,6,6,21,10
목포,1,6,21,10
목포,4,6,21,9
목포,0,6,21,9
목포,7,6,21,9
목포,2,6,21,9
목포,6,6,21,9
목포,1,6,21,9
목포,4,6,22,8
목포,0,6,22,8
목포,7,6,22,8
목포,2,6,22,8
목포,6,6,22,8
목포,1,6,22,8
목포,4,6,22,7
목포,0,6,22,7
목포,7,6,22,7
목포,2,6,22,7
목포,6,6,22,7
목포,5,6,22,7
목포,1,6,22,7
목포,4,6,22,6
목포,0,6,22,6
목포,7,6,22,6
목포,2,6,22,6
목포,8,6,22,6
목포,10,6,22,6
목포,6,6,22,6
목포,5,6,22,6
목포,1,6,22,6
목포,4,6,22,5
목포,0,6,22,5
목포,7,6,22,5
목포,2,6,22,5
목포,8,6,22,5
목포,10,6,22,5
목포,6,6,22,5
목포,5,6,22,5
목포,4,6,22,4
목포,0,6,22,4
목포,7,6,22,4
목포,2,6,22,4
목포,8,6,22,4
목포,6,6,22,4
목포,5,6,22,4
목포,1,6,22,4
목포,4,6,22,3
목포,0,6,22,3
목포,7,6,22,3
목포,2,6,22,3
목포,8,6,22,3
목포,6,6,22,3
목포,5,6,22,3
목포,1,6,22,3
목포,4,6,22,2
목포,0,6,22,2
목포,7,6,22,2
목포,2,6,22,2
목포,6,6,22,2
목포,5,6,22,2
목포,1,6,22,2
목포,4,6,22,1
목포,0,6,22,1
목포,7,6,22,1
목포,2,6,22,1
목포,6,6,22,1
목포,1,6,22,1
해남,4,6,21,12
해남,0,6,21,12
해남,2,6,21,12
해남,6,6,21,12
해남,4,6,21,11
해남,0,6,21,11
해남,2,6,21,11
해남,6,6,21,11
해남,4,6,21,10
해남,0,6,21,10
해남,7,6,21,10
해남,2,6,21,10
해남,6,6,21,10
해남,4,6,21,9
해남,0,6,21,9
해남,7,6,21,9
해남,2,6,21,9
해남,6,6,21,9
해남,4,6,22,8
해남,0,6,22,8
해남,7,6,22,8
해남,2,6,22,8
해남,6,6,22,8
해남,4,6,22,7
해남,0,6,22,7
해남,7,6,22,7
해남,2,6,22,7
해남,6,6,22,7
해남,4,6,22,6
해남,0,6,22,6
해남,2,6,22,6
해남,10,6,22,6
해남,6,6,22,6
해남,5,6,22,6
해남,4,6,22,5
해남,0,6,22,5
해남,2,6,22,5
해남,8,6,22,5
해남,10,6,22,5
해남,6,6,22,5
해남,5,6,22,5
해남,4,6,22,4
해남,0,6,22,4
해남,8,6,22,4
해남,5,6,22,4
해남,4,6,22,3
해남,0,6,22,3
해남,7,6,22,3
해남,2,6,22,3
해남,8,6,22,3
해남,5,6,22,3
해남,4,6,22,2
해남,0,6,22,2
해남,2,6,22,2
해남,5,6,22,2
해남,4,6,22,1
해남,0,6,22,1
해남,7,6,22,1
해남,2,6,22,1
해남,6,6,22,1
강진군,1,6,21,12
강진군,4,6,21,11
강진군,1,6,21,11
강진군,7,6,21,10
강진군,1,6,21,10
강진군,4,6,21,9
강진군,7,6,21,9
강진군,2,6,21,9
강진군,6,6,21,9
강진군,1,6,21,9
강진군,4,6,22,8
강진군,0,6,22,8
강진군,7,6,22,8
강진군,1,6,22,8
강진군,4,6,22,7
강진군,0,6,22,7
강진군,2,6,22,7
강진군,1,6,22,7
강진군,4,6,22,6
강진군,0,6,22,6
강진군,2,6,22,6
강진군,6,6,22,6
강진군,5,6,22,6
강진군,1,6,22,6
강진군,4,6,22,5
강진군,0,6,22,5
강진군,2,6,22,5
강진군,8,6,22,5
강진군,10,6,22,5
강진군,6,6,22,5
강진군,1,6,22,5
강진군,4,6,22,4
강진군,0,6,22,4
강진군,1,6,22,4
강진군,0,6,22,3
강진군,1,6,22,3
강진군,0,6,22,2
강진군,1,6,22,2
강진군,7,6,22,1
강진군,1,6,22,1
광주,4,6,21,12
광주,0,6,21,12
광주,7,6,21,12
광주,2,6,21,12
광주,1,6,21,12
광주,4,3,21,12
광주,0,3,21,12
광주,4,6,21,11
광주,0,6,21,11
광주,7,6,21,11
광주,2,6,21,11
광주,4,3,21,11
광주,0,3,21,11
광주,6,3,21,11
광주,4,6,21,10
광주,0,6,21,10
광주,7,6,21,10
광주,2,6,21,10
광주,1,6,21,10
광주,4,3,21,10
광주,0,3,21,10
광주,6,3,21,10
광주,4,6,21,9
광주,0,6,21,9
광주,2,6,21,9
광주,6,6,21,9
광주,1,6,21,9
광주,4,3,21,9
광주,0,3,21,9
광주,4,6,22,8
광주,0,6,22,8
광주,7,6,22,8
광주,2,6,22,8
광주,6,6,22,8
광주,1,6,22,8
광주,4,3,22,8
광주,0,3,22,8
광주,2,3,22,8
광주,6,3,22,8
광주,4,6,22,7
광주,0,6,22,7
광주,2,6,22,7
광주,6,6,22,7
광주,4,3,22,7
광주,0,3,22,7
광주,2,3,22,7
광주,4,6,22,6
광주,0,6,22,6
광주,7,6,22,6
광주,2,6,22,6
광주,10,6,22,6
광주,6,6,22,6
광주,5,6,22,6
광주,1,6,22,6
광주,4,3,22,6
광주,0,3,22,6
광주,2,3,22,6
광주,10,3,22,6
광주,4,6,22,5
광주,0,6,22,5
광주,2,6,22,5
광주,5,6,22,5
광주,1,6,22,5
광주,4,3,22,5
광주,0,3,22,5
광주,8,3,22,5
광주,10,3,22,5
광주,4,6,22,4
광주,0,6,22,4
광주,8,6,22,4
광주,6,6,22,4
광주,5,6,22,4
광주,1,6,22,4
광주,4,3,22,4
광주,0,3,22,4
광주,2,3,22,4
광주,8,3,22,4
광주,5,3,22,4
광주,4,6,22,3
광주,0,6,22,3
광주,7,6,22,3
광주,2,6,22,3
광주,8,6,22,3
광주,5,6,22,3
광주,1,6,22,3
광주,4,3,22,3
광주,0,3,22,3
광주,7,3,22,3
광주,2,3,22,3
광주,8,3,22,3
광주,0,6,22,2
광주,7,6,22,2
광주,2,6,22,2
광주,1,6,22,2
광주,0,3,22,2
광주,7,3,22,2
광주,5,3,22,2
광주,4,6,22,1
광주,0,6,22,1
광주,7,6,22,1
광주,2,6,22,1
광주,6,6,22,1
광주,1,6,22,1
광주,0,3,22,1
광주,7,3,22,1
고흥,0,6,21,12
고흥,4,6,21,11
고흥,0,6,21,11
고흥,2,6,21,11
고흥,6,6,21,11
고흥,4,6,21,10
고흥,0,6,21,10
고흥,2,6,21,10
고흥,4,6,21,9
고흥,0,6,21,9
고흥,2,6,21,9
고흥,6,6,21,9
고흥,4,6,22,8
고흥,0,6,22,8
고흥,2,6,22,8
고흥,6,6,22,8
고흥,4,6,22,7
고흥,0,6,22,7
고흥,2,6,22,7
고흥,6,6,22,7
고흥,4,6,22,6
고흥,0,6,22,6
고흥,2,6,22,6
고흥,8,6,22,6
고흥,10,6,22,6
고흥,6,6,22,6
고흥,4,6,22,5
고흥,0,6,22,5
고흥,7,6,22,5
고흥,2,6,22,5
고흥,8,6,22,5
고흥,6,6,22,5
고흥,4,6,22,4
고흥,0,6,22,4
고흥,7,6,22,4
고흥,2,6,22,4
고흥,8,6,22,4
고흥,6,6,22,4
고흥,5,6,22,4
고흥,1,6,22,4
고흥,4,6,22,3
고흥,0,6,22,3
고흥,7,6,22,3
고흥,2,6,22,3
고흥,8,6,22,3
고흥,6,6,22,3
고흥,5,6,22,3
고흥,1,6,22,3
고흥,0,6,22,2
고흥,6,6,22,2
고흥,4,6,22,1
고흥,0,6,22,1
고흥,2,6,22,1
고흥,6,6,22,1
장흥,4,6,21,12
장흥,0,6,21,12
장흥,7,6,21,12
장흥,2,6,21,12
장흥,7,6,21,11
장흥,2,6,21,11
장흥,7,6,21,10
장흥,2,6,21,10
장흥,7,6,21,9
장흥,2,6,21,9
장흥,2,6,22,8
장흥,6,6,22,8
장흥,4,6,22,7
장흥,0,6,22,7
장흥,2,6,22,7
장흥,6,6,22,7
장흥,4,6,22,6
장흥,0,6,22,6
장흥,2,6,22,6
장흥,10,6,22,6
장흥,6,6,22,6
장흥,4,6,22,5
장흥,0,6,22,5
장흥,2,6,22,5
장흥,8,6,22,5
장흥,10,6,22,5
장흥,6,6,22,5
장흥,5,6,22,5
장흥,4,6,22,4
장흥,0,6,22,4
장흥,2,6,22,4
장흥,8,6,22,4
장흥,6,6,22,4
장흥,7,6,22,3
장흥,2,6,22,3
장흥,0,6,22,2
장흥,7,6,22,2
장흥,2,6,22,2
장흥,0,6,22,1
장흥,7,6,22,1
장흥,2,6,22,1
고창,0,7,21,12
고창,7,7,21,12
고창,2,7,21,12
고창,0,7,21,11
고창,2,7,21,11
고창,0,7,21,10
고창,2,7,21,10
고창,4,7,21,9
고창,0,7,21,9
고창,2,7,21,9
고창,0,7,22,8
고창,2,7,22,8
고창,5,7,22,8
고창,4,7,22,7
고창,0,7,22,7
고창,2,7,22,7
고창,6,7,22,7
고창,5,7,22,7
고창,0,7,22,6
고창,2,7,22,6
고창,6,7,22,6
고창,5,7,22,6
고창,4,7,22,5
고창,0,7,22,5
고창,2,7,22,5
고창,8,7,22,5
고창,10,7,22,5
고창,6,7,22,5
고창,5,7,22,5
고창,4,7,22,4
고창,0,7,22,4
고창,7,7,22,4
고창,2,7,22,4
고창,8,7,22,4
고창,6,7,22,4
고창,5,7,22,4
고창,4,7,22,3
고창,0,7,22,3
고창,7,7,22,3
고창,8,7,22,3
고창,4,7,22,2
고창,0,7,22,2
고창,7,7,22,2
고창,6,7,22,2
고창,0,7,22,1
고창,7,7,22,1
고창,2,7,22,1
전주,4,7,21,12
전주,0,7,21,12
전주,7,7,21,12
전주,2,7,21,12
전주,6,7,21,12
전주,1,7,21,12
전주,9,7,21,12
전주,4,7,21,11
전주,0,7,21,11
전주,7,7,21,11
전주,6,7,21,11
전주,1,7,21,11
전주,4,7,21,10
전주,0,7,21,10
전주,7,7,21,10
전주,6,7,21,10
전주,1,7,21,10
전주,4,7,21,9
전주,0,7,21,9
전주,7,7,21,9
전주,2,7,21,9
전주,6,7,21,9
전주,1,7,21,9
전주,4,7,22,8
전주,0,7,22,8
전주,7,7,22,8
전주,2,7,22,8
전주,6,7,22,8
전주,1,7,22,8
전주,9,7,22,8
전주,4,7,22,7
전주,0,7,22,7
전주,7,7,22,7
전주,2,7,22,7
전주,6,7,22,7
전주,1,7,22,7
전주,9,7,22,7
전주,4,7,22,6
전주,0,7,22,6
전주,2,7,22,6
전주,8,7,22,6
전주,10,7,22,6
전주,6,7,22,6
전주,1,7,22,6
전주,4,7,22,5
전주,0,7,22,5
전주,8,7,22,5
전주,6,7,22,5
전주,1,7,22,5
전주,4,7,22,4
전주,0,7,22,4
전주,3,7,22,4
전주,8,7,22,4
전주,6,7,22,4
전주,5,7,22,4
전주,1,7,22,4
전주,4,7,22,3
전주,0,7,22,3
전주,7,7,22,3
전주,3,7,22,3
전주,8,7,22,3
전주,6,7,22,3
전주,5,7,22,3
전주,1,7,22,3
전주,4,7,22,2
전주,0,7,22,2
전주,7,7,22,2
전주,3,7,22,2
전주,1,7,22,2
전주,4,7,22,1
전주,0,7,22,1
전주,7,7,22,1
전주,2,7,22,1
전주,1,7,22,1
군산,4,7,21,12
군산,0,7,21,12
군산,6,7,21,12
군산,1,7,21,12
군산,4,7,21,11
군산,0,7,21,11
군산,6,7,21,11
군산,1,7,21,11
군산,4,7,21,10
군산,0,7,21,10
군산,7,7,21,10
군산,6,7,21,10
군산,1,7,21,10
군산,4,7,21,9
군산,0,7,21,9
군산,6,7,21,9
군산,1,7,21,9
군산,4,7,22,8
군산,0,7,22,8
군산,6,7,22,8
군산,1,7,22,8
군산,4,7,22,7
군산,0,7,22,7
군산,2,7,22,7
군산,6,7,22,7
군산,1,7,22,7
군산,4,7,22,6
군산,0,7,22,6
군산,2,7,22,6
군산,8,7,22,6
군산,6,7,22,6
군산,4,7,22,5
군산,0,7,22,5
군산,8,7,22,5
군산,10,7,22,5
군산,6,7,22,5
군산,1,7,22,5
군산,4,7,22,4
군산,0,7,22,4
군산,7,7,22,4
군산,3,7,22,4
군산,8,7,22,4
군산,6,7,22,4
군산,1,7,22,4
군산,4,7,22,3
군산,0,7,22,3
군산,7,7,22,3
군산,3,7,22,3
군산,8,7,22,3
군산,6,7,22,3
군산,1,7,22,3
군산,4,7,22,2
군산,0,7,22,2
군산,7,7,22,2
군산,6,7,22,2
군산,1,7,22,2
군산,4,7,22,1
군산,0,7,22,1
군산,7,7,22,1
군산,6,7,22,1
군산,1,7,22,1
부안,4,7,21,12
부안,0,7,21,12
부안,7,7,21,12
부안,6,7,21,12
부안,4,7,21,11
부안,0,7,21,11
부안,7,7,21,11
부안,4,7,21,10
부안,0,7,21,10
부안,7,7,21,10
부안,7,7,21,9
부안,2,7,21,9
부안,5,7,21,9
부안,4,7,22,8
부안,0,7,22,8
부안,7,7,22,8
부안,2,7,22,8
부안,6,7,22,8
부안,5,7,22,8
부안,4,7,22,7
부안,0,7,22,7
부안,7,7,22,7
부안,2,7,22,7
부안,6,7,22,7
부안,5,7,22,7
부안,4,7,22,6
부안,0,7,22,6
부안,7,7,22,6
부안,2,7,22,6
부안,8,7,22,6
부안,10,7,22,6
부안,6,7,22,6
부안,4,7,22,5
부안,0,7,22,5
부안,8,7,22,5
부안,10,7,22,5
부안,6,7,22,5
부안,5,7,22,5
부안,4,7,22,4
부안,0,7,22,4
부안,2,7,22,4
부안,8,7,22,4
부안,6,7,22,4
부안,5,7,22,4
부안,4,7,22,3
부안,0,7,22,3
부안,6,7,22,3
부안,0,7,22,2
부안,7,7,22,2
부안,0,7,22,1
부안,7,7,22,1
부안,2,7,22,1
서울,4,0,21,12
서울,0,0,21,12
서울,2,0,21,12
서울,1,0,21,12
서울,0,0,21,11
서울,7,0,21,11
서울,2,0,21,11
서울,5,0,21,11
서울,0,0,21,10
서울,3,0,21,10
서울,5,0,21,10
서울,0,0,21,9
서울,5,0,21,9
서울,0,0,22,8
서울,4,0,22,7
서울,0,0,22,7
서울,2,0,22,7
서울,4,0,22,6
서울,0,0,22,6
서울,4,0,22,5
서울,0,0,22,5
서울,3,0,22,5
서울,4,0,22,4
서울,0,0,22,4
서울,3,0,22,4
서울,8,0,22,4
서울,4,0,22,3
서울,0,0,22,3
서울,7,0,22,3
서울,5,0,22,3
서울,0,0,22,2
서울,2,0,22,2
서울,5,0,22,2
서울,0,0,22,1
서울,2,0,22,1
서울,5,0,22,1
부산,4,5,21,12
부산,0,5,21,12
부산,7,5,21,12
부산,3,5,21,12
부산,6,5,21,12
부산,4,5,21,11
부산,0,5,21,11
부산,7,5,21,11
부산,6,5,21,11
부산,4,5,21,10
부산,0,5,21,10
부산,7,5,21,10
부산,4,5,21,9
부산,0,5,21,9
부산,7,5,21,9
부산,6,5,21,9
부산,4,5,22,8
부산,0,5,22,8
부산,7,5,22,8
부산,2,5,22,8
부산,4,5,22,7
부산,0,5,22,7
부산,7,5,22,7
부산,2,5,22,7
부산,4,5,22,6
부산,0,5,22,6
부산,7,5,22,6
부산,2,5,22,6
부산,4,5,22,5
부산,0,5,22,5
부산,7,5,22,5
부산,8,5,22,5
부산,4,5,22,4
부산,7,5,22,4
부산,2,5,22,4
부산,8,5,22,4
부산,4,5,22,3
부산,0,5,22,3
부산,7,5,22,3
부산,2,5,22,3
부산,4,5,22,2
부산,0,5,22,2
부산,7,5,22,2
부산,4,5,22,1
부산,0,5,22,1
부산,7,5,22,1
부산,2,5,22,1
서산,4,9,21,12
서산,7,9,21,12
서산,2,9,21,12
서산,4,9,21,11
서산,0,9,21,11
서산,7,9,21,11
서산,4,9,21,10
서산,0,9,21,10
서산,7,9,21,10
서산,2,9,21,10
서산,4,9,21,9
서산,0,9,21,9
서산,7,9,21,9
서산,2,9,21,9
서산,6,9,21,9
서산,1,9,21,9
서산,4,9,22,8
서산,0,9,22,8
서산,7,9,22,8
서산,2,9,22,8
서산,6,9,22,8
서산,1,9,22,8
서산,4,9,22,7
서산,0,9,22,7
서산,7,9,22,7
서산,2,9,22,7
서산,6,9,22,7
서산,5,9,22,7
서산,4,9,22,6
서산,0,9,22,6
서산,7,9,22,6
서산,2,9,22,6
서산,8,9,22,6
서산,6,9,22,6
서산,5,9,22,6
서산,4,9,22,5
서산,0,9,22,5
서산,8,9,22,5
서산,6,9,22,5
서산,4,9,22,4
서산,0,9,22,4
서산,2,9,22,4
서산,8,9,22,4
서산,4,9,22,3
서산,0,9,22,3
서산,2,9,22,3
서산,5,9,22,3
서산,4,9,22,2
서산,0,9,22,2
서산,2,9,22,2
서산,4,9,22,1
서산,0,9,22,1
서산,7,9,22,1
서산,2,9,22,1
서산,5,9,22,1
부여,4,9,21,12
부여,4,9,21,11
부여,0,9,21,11
부여,1,9,21,11
부여,4,9,21,10
부여,6,9,21,10
부여,1,9,21,10
부여,4,9,21,9
부여,0,9,21,9
부여,4,9,22,8
부여,0,9,22,8
부여,7,9,22,8
부여,6,9,22,8
부여,4,9,22,7
부여,0,9,22,7
부여,2,9,22,7
부여,8,9,22,7
부여,6,9,22,7
부여,4,9,22,6
부여,0,9,22,6
부여,2,9,22,6
부여,8,9,22,6
부여,10,9,22,6
부여,6,9,22,6
부여,4,9,22,5
부여,0,9,22,5
부여,6,9,22,5
부여,4,9,22,4
부여,0,9,22,4
부여,8,9,22,4
부여,6,9,22,4
부여,5,9,22,4
부여,4,9,22,3
부여,4,9,22,2
부여,4,9,22,1
부여,0,9,22,1
부여,2,9,22,1
제주,4,8,21,12
제주,0,8,21,12
제주,4,8,21,11
제주,0,8,21,11
제주,2,8,21,11
제주,4,8,21,10
제주,4,8,21,9
제주,0,8,22,7
제주,4,8,22,6
제주,0,8,22,6
제주,7,8,22,6
제주,8,8,22,6
제주,10,8,22,6
제주,5,8,22,6
제주,4,8,22,5
제주,0,8,22,5
제주,7,8,22,5
제주,8,8,22,5
제주,5,8,22,5
제주,4,8,22,4
제주,0,8,22,4
제주,7,8,22,4
제주,2,8,22,4
제주,8,8,22,4
제주,6,8,22,4
제주,5,8,22,4
제주,4,8,22,3
제주,0,8,22,3
제주,7,8,22,3
제주,2,8,22,3
제주,8,8,22,3
제주,6,8,22,3
제주,5,8,22,3
제주,6,8,22,2
제주,0,8,22,1
서귀포,4,8,21,12
서귀포,4,8,21,11
서귀포,2,8,21,11
서귀포,2,8,22,8
서귀포,4,8,22,7
서귀포,0,8,22,7
서귀포,2,8,22,7
서귀포,0,8,22,6
서귀포,2,8,22,6
서귀포,8,8,22,6
서귀포,10,8,22,6
서귀포,4,8,22,5
서귀포,0,8,22,5
서귀포,8,8,22,5
서귀포,4,8,22,4
서귀포,0,8,22,4
서귀포,8,8,22,4
서귀포,5,8,22,4
서귀포,4,8,22,3
서귀포,0,8,22,3
서귀포,7,8,22,3
서귀포,8,8,22,3
서귀포,0,8,22,2
서귀포,2,8,22,1
여수,0,6,21,11
여수,4,6,21,10
여수,6,6,21,10
여수,4,6,21,9
여수,0,6,21,9
여수,0,6,22,8
여수,0,6,22,7
여수,4,6,22,6
여수,0,6,22,6
여수,6,6,22,6
여수,4,6,22,5
여수,0,6,22,5
여수,8,6,22,5
여수,6,6,22,5
여수,5,6,22,5
여수,4,6,22,4
여수,0,6,22,4
여수,8,6,22,4
여수,6,6,22,4
여수,5,6,22,4
여수,4,6,22,3
여수,0,6,22,3
여수,7,6,22,3
여수,2,6,22,3
여수,8,6,22,3
여수,6,6,22,3
여수,5,6,22,3
